{"BTCUSDT": {"best_strategy": "LinearRegression", "performances": {"LinearRegression": {"MSE": 2.5286945935813526e-22, "R2": 1.0}, "SVR": {"MSE": 8344747.870809493, "R2": -2.461046513183766}}, "5m": {"best_strategy": "LinearRegression", "performances": {"RandomForest": {"MSE": 143.28881483601253, "R2": 0.9994287695002304}, "LinearRegression": {"MSE": 2.4999236290491502e-23, "R2": 1.0}, "SVR": {"MSE": 187.83880228285378, "R2": 0.9992511679782756}}}, "30m": {"best_strategy": "LinearRegression", "performances": {"RandomForest": {"MSE": 73.5517352300966, "R2": 0.9998241327529598}, "LinearRegression": {"MSE": 1.2192140907448263e-23, "R2": 1.0}, "SVR": {"MSE": 2012.652109659903, "R2": 0.9951876106706631}}}, "1h": {"best_strategy": "LinearRegression", "performances": {"RandomForest": {"MSE": 436.78428474536616, "R2": 0.9999494606507304}, "LinearRegression": {"MSE": 2.311029571919421e-23, "R2": 1.0}, "SVR": {"MSE": 7095.743161664517, "R2": 0.9991789671595359}}}}, "XRPUSDT": {"best_strategy": "LinearRegression", "performances": {"LinearRegression": {"MSE": 3.2934530208821794e-32, "R2": 1.0}, "SVR": {"MSE": 0.0006429201312643741, "R2": -4.816551013126945}}, "5m": {"best_strategy": "LinearRegression", "performances": {"RandomForest": {"MSE": 2.0919613016028575e-09, "R2": 0.9996545296615037}, "LinearRegression": {"MSE": 2.347800313157773e-33, "R2": 1.0}, "SVR": {"MSE": 6.269147079484155e-06, "R2": -0.03529848375917255}}}, "30m": {"best_strategy": "LinearRegression", "performances": {"RandomForest": {"MSE": 3.585679852248399e-08, "R2": 0.998488192029485}, "LinearRegression": {"MSE": 2.9134067522366913e-33, "R2": 1.0}, "SVR": {"MSE": 3.078614165915329e-05, "R2": -0.2980170081979372}}}, "1h": {"best_strategy": "LinearRegression", "performances": {"RandomForest": {"MSE": 1.9616342249531875e-08, "R2": 0.9999581800310299}, "LinearRegression": {"MSE": 4.5899987293848095e-33, "R2": 1.0}, "SVR": {"MSE": 0.0005048091196970124, "R2": -0.07619970395284925}}}}, "LTCUSDT": {"best_strategy": "LinearRegression", "performances": {"LinearRegression": {"MSE": 3.6726723208495427e-28, "R2": 1.0}, "SVR": {"MSE": 0.9547641471529806, "R2": 0.8268429921149508}}, "5m": {"best_strategy": "LinearRegression", "performances": {"RandomForest": {"MSE": 4.41188238459089e-05, "R2": 0.999815346942118}, "LinearRegression": {"MSE": 5.609677548238306e-30, "R2": 1.0}, "SVR": {"MSE": 0.00416424073917354, "R2": 0.9825711630724595}}}, "30m": {"best_strategy": "LinearRegression", "performances": {"RandomForest": {"MSE": 0.00019468246811654352, "R2": 0.9997845552314751}, "LinearRegression": {"MSE": 4.6509326581757595e-29, "R2": 1.0}, "SVR": {"MSE": 0.003213230564243319, "R2": 0.9964440880484629}}}, "1h": {"best_strategy": "LinearRegression", "performances": {"RandomForest": {"MSE": 7.87927192555877e-05, "R2": 0.9999819154181433}, "LinearRegression": {"MSE": 2.5560413598458226e-29, "R2": 1.0}, "SVR": {"MSE": 0.00288373070122196, "R2": 0.9993381233137826}}}}, "ETHUSDT": {"best_strategy": "LinearRegression", "performances": {"LinearRegression": {"MSE": 4.575450919644781e-25, "R2": 1.0}, "SVR": {"MSE": 44495.096281288235, "R2": -11.540861186156393}}, "5m": {"best_strategy": "LinearRegression", "performances": {"RandomForest": {"MSE": 0.01436564658126953, "R2": 0.999879852480669}, "LinearRegression": {"MSE": 2.412610119946331e-25, "R2": 1.0}, "SVR": {"MSE": 0.00513001468125492, "R2": 0.9999570949671776}}}, "30m": {"best_strategy": "LinearRegression", "performances": {"RandomForest": {"MSE": 0.09995091323435765, "R2": 0.9999364745216303}, "LinearRegression": {"MSE": 7.582488948402753e-26, "R2": 1.0}, "SVR": {"MSE": 0.007618818545557392, "R2": 0.9999951577321602}}}, "1h": {"best_strategy": "LinearRegression", "performances": {"RandomForest": {"MSE": 0.19294397157596688, "R2": 0.9999860551029995}, "LinearRegression": {"MSE": 3.835949144684543e-26, "R2": 1.0}, "SVR": {"MSE": 0.32096093930961045, "R2": 0.9999768027619454}}}}, "BNBUSDT": {"best_strategy": "LinearRegression", "performances": {"RandomForest": {"MSE": 14096.079124775668, "R2": -120.3861650321541}, "LinearRegression": {"MSE": 4.328962345375906e-27, "R2": 1.0}, "SVR": {"MSE": 190.78665954107197, "R2": 0.39700179716107425}}, "5m": {"best_strategy": "LinearRegression", "performances": {"RandomForest": {"MSE": 0.0053338867589631375, "R2": 0.9996159175888675}, "LinearRegression": {"MSE": 3.487616669990444e-27, "R2": 1.0}, "SVR": {"MSE": 0.004624680567620475, "R2": 0.999666986094119}}}, "30m": {"best_strategy": "LinearRegression", "performances": {"RandomForest": {"MSE": 0.019975713370704504, "R2": 0.9998600110914551}, "LinearRegression": {"MSE": 2.7416024090299213e-27, "R2": 1.0}, "SVR": {"MSE": 0.0049137161796214395, "R2": 0.9999655648961256}}}, "1h": {"best_strategy": "LinearRegression", "performances": {"RandomForest": {"MSE": 0.02111830485781793, "R2": 0.9999797762813657}, "LinearRegression": {"MSE": 3.780969610420972e-27, "R2": 1.0}, "SVR": {"MSE": 0.005681664281537646, "R2": 0.9999945590150072}}}}}